<?xml version="1.0" encoding="UTF-8" ?>
<extension type="library" version="1.7">
	<name>SimplePie</name>
	<libraryname>simplepie</libraryname>
	<version>1.0.1</version>
	<description>A PHP-Based RSS and Atom Feed Framework.</description>
	<creationDate>2008</creationDate>
	<copyright>Copyright (C) 2008 SimplePie</copyright>
	<license>http://www.gnu.org/licenses/gpl-2.0.html GNU/GPL</license>
	<author>SimplePie</author>
	<authorEmail></authorEmail>
	<authorUrl>http://simplepie.org/</authorUrl>
	<packager>Joomla!</packager>
	<packagerurl>http://www.joomla.org</packagerurl>
	<update>http://update.joomla.org/libraries/simplepie</update>
	<files>
		<file>idn/ReadMe.txt</file>
		<file>idn/LICENCE</file>
		<file>idn/npdata.ser</file>
		<file>idn/index.html</file>
		<file>idn/idna_convert.class.php</file>
		<file>simplepie.php</file>
		<file>index.html</file>
		<file>LICENSE.txt</file>
		<file>README.txt</file>
	</files>
</extension>
