<?xml version="1.0" encoding="utf-8"?>
<extension type = "component" method = "upgrade" version="1.7.0">
	<name>catalog</name>
	<creationDate>October 2011</creationDate>
	<copyright>Copyright (C) 2011. All rights reserved.</copyright>
	<license>GNU General Public License version 2 or later</license>
    <author>Norman Taminaya</author>
	<authorEmail>u3037276@uni.canberra.edu.au</authorEmail>
	<version>1.0.0</version>
	<description>Vintage Catalogue: allows for manipulation of the catalog for Vintage Vogue</description>
	
	<install> <!-- Runs on install -->
    	<sql>
        	<file driver="mysql" charset="utf8">install.mysql.utf8.sql</file>
  		</sql>
    </install>
	
    <uninstall> <!-- Runs on uninstall -->
    	<sql>
        	<file driver="mysql" charset="utf8">uninstall.mysql.utf8.sql</file>
  		</sql>
   </uninstall>
   
   <!--tells joomla about the files inside the component side of things-->
	<files folder="components/com_catalog">
		<filename>controller.php</filename>
		<folder>controllers</folder>
		<filename>catalog.php</filename>
		<filename>index.html</filename>
		<folder>models</folder>
		<folder>views</folder>
	</files>
	
	<!--language files for front-end-->
	<!--
	<languages folder="language/en-GB">
		<language tag="en-GB">language/en-GB.com_catalog.ini</language>
	</languages> -->
	
	<!--ADMIN STUFF-->
	
	<administration>
	<!--
		<languages folder="administrator/language/en-GB">
			<language tag="en-GB">en-GB.com_catalog.sys.ini</language>
			<language tag="en-GB">en-GB.com_catalog.ini</language>
		</languages>-->
		<menu link="option=com_catalog">Vintage Catalogue</menu><!--CHANGED FROM "COM_CATALOG" to an actual name, rendering the language file useless-->
		<submenu>
			<menu link="option=com_catalog&amp;view=allProducts" alt="Catalog/goods">Catalogue Items</menu><!-- the same thing is done on this side except from COM_CATALOG_GOODS to Catalog/goods-->
		</submenu>
		
		<!--FILES THAT THE ADMIN SIDE WOULD NEED-->
		<files folder="administrator/components/com_catalog">
			<filename>controller.php</filename>
			<filename>catalog.php</filename>
			<folder>controllers</folder>
			<filename>index.html</filename>
			<filename>install.mysql.utf8.sql</filename>
			<filename>manifest.xml</filename>
			<folder>models</folder>
			<folder>tables</folder>
			<filename>uninstall.mysql.utf8.sql</filename>
			<folder>views</folder>
		</files>
	</administration>
</extension>